2025-04-03T00:00:00.000Z,1468.3737248267378
2025-04-03T01:00:00.000Z,1485.0125222819324
2025-04-03T02:00:00.000Z,2218.608947902841
2025-04-03T03:00:00.000Z,2429.40002292048
2025-04-03T04:00:00.000Z,2867.026505315301
2025-04-03T05:00:00.000Z,2282.9644526113307
2025-04-03T06:00:00.000Z,2532.8342746201256
2025-04-03T07:00:00.000Z,2018.0215558627046
2025-04-03T08:00:00.000Z,1759.2674381489653
2025-04-03T09:00:00.000Z,1601.396511633195
2025-04-03T10:00:00.000Z,1813.7358256118073
2025-04-03T11:00:00.000Z,2056.762302075894
2025-04-03T12:00:00.000Z,1427.5097804909647
2025-04-03T13:00:00.000Z,2642.3331777539906
2025-04-03T14:00:00.000Z,2260.4764153528836
2025-04-03T15:00:00.000Z,1783.437883520737
2025-04-03T16:00:00.000Z,2686.159302076393
2025-04-03T17:00:00.000Z,3103.184882080623
2025-04-03T18:00:00.000Z,2012.180981802221
2025-04-03T19:00:00.000Z,2447.784302422049
2025-04-03T20:00:00.000Z,1761.0914906436985
2025-04-03T21:00:00.000Z,1997.7146626086492
2025-04-03T22:00:00.000Z,4929.173773494901
2025-04-03T23:00:00.000Z,5847.892048128758
2025-04-04T00:00:00.000Z,4516.251601664288
2025-04-04T01:00:00.000Z,5826.139833995353
2025-04-04T02:00:00.000Z,4663.186262221187
2025-04-04T03:00:00.000Z,3845.3409647107565
2025-04-04T04:00:00.000Z,5594.470580445354
2025-04-04T05:00:00.000Z,2994.1709748671765
2025-04-04T06:00:00.000Z,3320.3312444211533
2025-04-04T07:00:00.000Z,4337.571215982645
2025-04-04T08:00:00.000Z,5305.793725805264
2025-04-04T09:00:00.000Z,4441.120542259264
2025-04-04T10:00:00.000Z,3571.862411879395
2025-04-04T11:00:00.000Z,4861.03867259172
2025-04-04T12:00:00.000Z,3914.3477309980262
2025-04-04T13:00:00.000Z,2967.433253352387
2025-04-04T14:00:00.000Z,3326.259281833201
2025-04-04T15:00:00.000Z,1826.5955653040487
2025-04-04T16:00:00.000Z,1651.6457298236517
2025-04-04T17:00:00.000Z,2385.9738792209564
2025-04-04T18:00:00.000Z,2404.2285192369122
2025-04-04T19:00:00.000Z,1963.8373563485684
2025-04-04T20:00:00.000Z,2523.9522133842333
2025-04-04T21:00:00.000Z,2417.152325991896
2025-04-04T22:00:00.000Z,3061.7900422601106
2025-04-04T23:00:00.000Z,1729.9735579883602
2025-04-05T00:00:00.000Z,2606.6879960724723
2025-04-05T01:00:00.000Z,2235.2225868515166
2025-04-05T02:00:00.000Z,2885.0642759644543
2025-04-05T03:00:00.000Z,2826.011394476246
2025-04-05T04:00:00.000Z,2231.0406097225728
2025-04-05T05:00:00.000Z,1583.6569042963397
2025-04-05T06:00:00.000Z,1117.5694030789064
2025-04-05T07:00:00.000Z,1287.025169943297
2025-04-05T08:00:00.000Z,1559.029843561286
2025-04-05T09:00:00.000Z,2045.5451695011493
2025-04-05T10:00:00.000Z,1536.9736525069577
2025-04-05T11:00:00.000Z,1884.666043801874
2025-04-05T12:00:00.000Z,2134.68742367588
2025-04-05T13:00:00.000Z,1348.1731490981217
2025-04-05T14:00:00.000Z,1145.30363618503
2025-04-05T15:00:00.000Z,1129.0345704646452
2025-04-05T16:00:00.000Z,1098.9310666463302
2025-04-05T17:00:00.000Z,1260.6925884109107
2025-04-05T18:00:00.000Z,1132.649601835103
2025-04-05T19:00:00.000Z,941.2874465775483
2025-04-05T20:00:00.000Z,899.0615773564529
2025-04-05T21:00:00.000Z,1070.1966953935982
2025-04-05T22:00:00.000Z,1051.6377622148698
2025-04-05T23:00:00.000Z,1329.3755059842972
2025-04-06T00:00:00.000Z,2000.4377010358876
2025-04-06T01:00:00.000Z,1681.685843741026
2025-04-06T02:00:00.000Z,1174.1374184086412
2025-04-06T03:00:00.000Z,1669.6178165986078
2025-04-06T04:00:00.000Z,1729.9593676520174
2025-04-06T05:00:00.000Z,721.7022742331607
2025-04-06T06:00:00.000Z,481.4362484033375
2025-04-06T07:00:00.000Z,544.0804735655225
2025-04-06T08:00:00.000Z,308.72572452827137
2025-04-06T09:00:00.000Z,332.2586648526484
2025-04-06T10:00:00.000Z,353.65359690578583
2025-04-06T11:00:00.000Z,413.43814887793593
2025-04-06T12:00:00.000Z,297.0988159663295
2025-04-06T13:00:00.000Z,323.06257616011624
2025-04-06T14:00:00.000Z,355.2513028726481
2025-04-06T15:00:00.000Z,432.2825831557938
2025-04-06T16:00:00.000Z,840.4776811098005
2025-04-06T17:00:00.000Z,1433.2560019566256
2025-04-06T18:00:00.000Z,1722.0249693233682
2025-04-06T19:00:00.000Z,1731.4621630423487
2025-04-06T20:00:00.000Z,2058.480107072993
2025-04-06T21:00:00.000Z,1935.9835706127808
2025-04-06T22:00:00.000Z,1485.032265908134
2025-04-06T23:00:00.000Z,1946.3343409030674
2025-04-07T00:00:00.000Z,1187.1154569394257
2025-04-07T01:00:00.000Z,1281.6769500395915
2025-04-07T02:00:00.000Z,1156.4946968620557
2025-04-07T03:00:00.000Z,1796.847436941176
2025-04-07T04:00:00.000Z,1643.293056360149
2025-04-07T05:00:00.000Z,1294.1976942242857
2025-04-07T06:00:00.000Z,1049.4404212333848
2025-04-07T07:00:00.000Z,718.1266857148471
2025-04-07T08:00:00.000Z,868.5250232358419
2025-04-07T09:00:00.000Z,1152.233704244163
2025-04-07T10:00:00.000Z,1721.243051416226
2025-04-07T11:00:00.000Z,1130.1868993137318
2025-04-07T12:00:00.000Z,1585.3729437957547
2025-04-07T13:00:00.000Z,1710.4980316268757
2025-04-07T14:00:00.000Z,998.6696060039277
2025-04-07T15:00:00.000Z,1494.2349788151303
2025-04-07T16:00:00.000Z,1674.2705138375875
2025-04-07T17:00:00.000Z,1764.8578097050624
2025-04-07T18:00:00.000Z,1343.3944008134736
2025-04-07T19:00:00.000Z,1181.6927266680698
2025-04-07T20:00:00.000Z,623.9673843423246
2025-04-07T21:00:00.000Z,507.10667751695706
2025-04-07T22:00:00.000Z,444.88001393071886
2025-04-07T23:00:00.000Z,720.12537605539
2025-04-08T00:00:00.000Z,759.8118488089381
2025-04-08T01:00:00.000Z,1224.7391822140305
2025-04-08T02:00:00.000Z,1390.7472140521743
2025-04-08T03:00:00.000Z,1180.8937190282797
2025-04-08T04:00:00.000Z,1341.9242133629778
2025-04-08T05:00:00.000Z,1272.9845636133302
2025-04-08T06:00:00.000Z,1404.7739738350012
2025-04-08T07:00:00.000Z,898.3249825114164
2025-04-08T08:00:00.000Z,795.629868869306
2025-04-08T09:00:00.000Z,1401.4105267661976
2025-04-08T10:00:00.000Z,1064.8691872116083
2025-04-08T11:00:00.000Z,1637.8944844198943
2025-04-08T12:00:00.000Z,1471.5224905011692
2025-04-08T13:00:00.000Z,1630.4065045657535
2025-04-08T14:00:00.000Z,1178.9948792521614
2025-04-08T15:00:00.000Z,1739.9816562270478
2025-04-08T16:00:00.000Z,2683.3532288255597
2025-04-08T17:00:00.000Z,3162.5225752145893
2025-04-08T18:00:00.000Z,2323.958349231574
2025-04-08T19:00:00.000Z,1912.6057288468432
2025-04-08T20:00:00.000Z,1470.5370301054872
2025-04-08T21:00:00.000Z,2359.60365319245
2025-04-08T22:00:00.000Z,2775.0289000108924
2025-04-08T23:00:00.000Z,2526.8902651918074
2025-04-09T00:00:00.000Z,4058.0560283733016
2025-04-09T01:00:00.000Z,4255.039514331981
2025-04-09T02:00:00.000Z,4235.369850458583
2025-04-09T03:00:00.000Z,4009.14260261609
2025-04-09T04:00:00.000Z,3347.7334650312605
2025-04-09T05:00:00.000Z,3092.832500976876
2025-04-09T06:00:00.000Z,3340.8901389939515
2025-04-09T07:00:00.000Z,4008.307474469658
2025-04-09T08:00:00.000Z,3834.065102695788
2025-04-09T09:00:00.000Z,4465.331309237694
2025-04-09T10:00:00.000Z,3492.878105592807
2025-04-09T11:00:00.000Z,4360.338618668095
2025-04-09T12:00:00.000Z,3303.5897907037242
2025-04-09T13:00:00.000Z,4312.347266350508
2025-04-09T14:00:00.000Z,4105.177211885687
2025-04-09T15:00:00.000Z,4098.2530468053765
2025-04-09T16:00:00.000Z,3178.0560751041307
2025-04-09T17:00:00.000Z,2729.8432110141043
2025-04-09T18:00:00.000Z,4673.925103174476
2025-04-09T19:00:00.000Z,2861.1391609029524
2025-04-09T20:00:00.000Z,3166.5002363862304
2025-04-09T21:00:00.000Z,4418.683748952642
2025-04-09T22:00:00.000Z,4626.782067463916
2025-04-09T23:00:00.000Z,3747.7347220224747
2025-04-10T00:00:00.000Z,2678.7191348629067
2025-04-10T01:00:00.000Z,3414.3706321692375
2025-04-10T02:00:00.000Z,1897.1228536421966
2025-04-10T03:00:00.000Z,1756.6789275039446
2025-04-10T04:00:00.000Z,1058.442717281759
2025-04-10T05:00:00.000Z,608.2112153770414
2025-04-10T06:00:00.000Z,255.88469021023076
2025-04-10T07:00:00.000Z,209.80160986185504
2025-04-10T08:00:00.000Z,235.35757164809525
2025-04-10T09:00:00.000Z,582.5142595372803
2025-04-10T10:00:00.000Z,1093.65279152946
2025-04-10T11:00:00.000Z,1901.372186077974
2025-04-10T12:00:00.000Z,1510.985037942026
2025-04-10T13:00:00.000Z,2333.3792530733394
2025-04-10T14:00:00.000Z,2675.556482067513
2025-04-10T15:00:00.000Z,2547.5471801893555
2025-04-10T16:00:00.000Z,2331.3585622702603
2025-04-10T17:00:00.000Z,3845.9001413660003
2025-04-10T18:00:00.000Z,3073.9253365242425
2025-04-10T19:00:00.000Z,2838.7558093441785
2025-04-10T20:00:00.000Z,2153.204307024372
2025-04-10T21:00:00.000Z,2884.9111481052864
2025-04-10T22:00:00.000Z,2301.6406602835013
2025-04-10T23:00:00.000Z,2625.015369963195
2025-04-11T00:00:00.000Z,2070.333466727184
2025-04-11T01:00:00.000Z,2409.5788298351035
2025-04-11T02:00:00.000Z,2954.070947928269
2025-04-11T03:00:00.000Z,3060.5082769091414
2025-04-11T04:00:00.000Z,2791.9695369042256
2025-04-11T05:00:00.000Z,2441.296963060359
2025-04-11T06:00:00.000Z,1214.5251594090844
2025-04-11T07:00:00.000Z,1724.2028614084734
2025-04-11T08:00:00.000Z,1110.657387485183
2025-04-11T09:00:00.000Z,1012.2525464399232
2025-04-11T10:00:00.000Z,874.4780321577643
2025-04-11T11:00:00.000Z,676.7850005222083
2025-04-11T12:00:00.000Z,762.8946261546694
2025-04-11T13:00:00.000Z,536.9242009425116
2025-04-11T14:00:00.000Z,564.7198898374595
2025-04-11T15:00:00.000Z,321.590139105631
2025-04-11T16:00:00.000Z,307.6794307631876
2025-04-11T17:00:00.000Z,410.0273897235927
2025-04-11T18:00:00.000Z,714.7660807775551
2025-04-11T19:00:00.000Z,866.2996489875227
2025-04-11T20:00:00.000Z,1072.4177681094538
2025-04-11T21:00:00.000Z,2232.0395353584177
2025-04-11T22:00:00.000Z,2767.618638317278
2025-04-11T23:00:00.000Z,3489.9171782460503
2025-04-12T00:00:00.000Z,2587.0993237761627
2025-04-12T01:00:00.000Z,3075.330387459504
2025-04-12T02:00:00.000Z,3523.385384767915
2025-04-12T03:00:00.000Z,4458.15329321922
2025-04-12T04:00:00.000Z,3599.7665769768587
2025-04-12T05:00:00.000Z,4391.644269088078
2025-04-12T06:00:00.000Z,3003.581561151132
2025-04-12T07:00:00.000Z,3671.0297046673263
2025-04-12T08:00:00.000Z,2641.6283429144373
2025-04-12T09:00:00.000Z,3092.955433546243
2025-04-12T10:00:00.000Z,2534.180127459765
2025-04-12T11:00:00.000Z,1955.258550733834
2025-04-12T12:00:00.000Z,2816.951297988656
2025-04-12T13:00:00.000Z,2894.5848261564615
2025-04-12T14:00:00.000Z,1845.896578723623
2025-04-12T15:00:00.000Z,1685.5943323191257
2025-04-12T16:00:00.000Z,1476.8811545158355
2025-04-12T17:00:00.000Z,2283.36632349446
2025-04-12T18:00:00.000Z,1148.5523035002434
2025-04-12T19:00:00.000Z,1444.134182892669
2025-04-12T20:00:00.000Z,1463.4604409126214
2025-04-12T21:00:00.000Z,2501.782578570748
2025-04-12T22:00:00.000Z,3040.8549545385117
2025-04-12T23:00:00.000Z,2242.411937854082
2025-04-13T00:00:00.000Z,2579.0146210836283
2025-04-13T01:00:00.000Z,3211.0289551480582
2025-04-13T02:00:00.000Z,2434.0250972069166
2025-04-13T03:00:00.000Z,2130.1696735713554
2025-04-13T04:00:00.000Z,3097.0868926579487
2025-04-13T05:00:00.000Z,1919.386321005989
2025-04-13T06:00:00.000Z,1993.062625263757
2025-04-13T07:00:00.000Z,1073.9881728622433
2025-04-13T08:00:00.000Z,805.5089036389011
2025-04-13T09:00:00.000Z,1288.6169399812177
2025-04-13T10:00:00.000Z,1010.553187211221
2025-04-13T11:00:00.000Z,1106.1000760838776
2025-04-13T12:00:00.000Z,936.725886649058
2025-04-13T13:00:00.000Z,1056.291228822911
2025-04-13T14:00:00.000Z,1072.8963613137394
2025-04-13T15:00:00.000Z,1896.3560007186786
2025-04-13T16:00:00.000Z,1533.8760369009815
2025-04-13T17:00:00.000Z,2335.2538760100347
2025-04-13T18:00:00.000Z,3345.8469885751697
2025-04-13T19:00:00.000Z,2753.2223162354794
2025-04-13T20:00:00.000Z,2622.2369447525098
2025-04-13T21:00:00.000Z,2661.7035809885433
2025-04-13T22:00:00.000Z,2547.6799744832415
2025-04-13T23:00:00.000Z,4431.374231080639
2025-04-14T00:00:00.000Z,3155.235422377345
2025-04-14T01:00:00.000Z,4010.024271333723
2025-04-14T02:00:00.000Z,3146.380481346661
2025-04-14T03:00:00.000Z,2936.0709383833823
2025-04-14T04:00:00.000Z,3201.4061213228074
2025-04-14T05:00:00.000Z,3920.201990372971
2025-04-14T06:00:00.000Z,4515.984110326055
2025-04-14T07:00:00.000Z,2817.519363120058
2025-04-14T08:00:00.000Z,3111.6650639504296
2025-04-14T09:00:00.000Z,2309.9602738031917
2025-04-14T10:00:00.000Z,2410.510967864478
2025-04-14T11:00:00.000Z,2726.9281218072006
2025-04-14T12:00:00.000Z,3960.0404385237252
2025-04-14T13:00:00.000Z,3035.3647931816117
2025-04-14T14:00:00.000Z,3344.825464687015
2025-04-14T15:00:00.000Z,4085.81453360904
2025-04-14T16:00:00.000Z,3672.355634089258
2025-04-14T17:00:00.000Z,3264.6589861544453
2025-04-14T18:00:00.000Z,2815.111212219417
2025-04-14T19:00:00.000Z,2326.623493044273
2025-04-14T20:00:00.000Z,2266.6273889944364
2025-04-14T21:00:00.000Z,2222.9788177062155
2025-04-14T22:00:00.000Z,3126.103759737293
2025-04-14T23:00:00.000Z,3158.623073297968
2025-04-15T00:00:00.000Z,1820.3537786002353
2025-04-15T01:00:00.000Z,3018.582179504771
2025-04-15T02:00:00.000Z,2685.215609683054
2025-04-15T03:00:00.000Z,3294.596465501181
2025-04-15T04:00:00.000Z,3017.4320264192816
2025-04-15T05:00:00.000Z,2475.4883584776844
2025-04-15T06:00:00.000Z,1209.119853783017
2025-04-15T07:00:00.000Z,1334.8147007042915
2025-04-15T08:00:00.000Z,1075.7608452847696
2025-04-15T09:00:00.000Z,1444.7922584752253
2025-04-15T10:00:00.000Z,1162.7380394774618
2025-04-15T11:00:00.000Z,957.4939641564984
2025-04-15T12:00:00.000Z,1146.1013718217125
2025-04-15T13:00:00.000Z,958.9408257074533
2025-04-15T14:00:00.000Z,757.0825231224521
2025-04-15T15:00:00.000Z,452.31380999205
2025-04-15T16:00:00.000Z,363.19495434528613
2025-04-15T17:00:00.000Z,230.38765229047374
2025-04-15T18:00:00.000Z,413.7517113969198
2025-04-15T19:00:00.000Z,826.4165766117667
2025-04-15T20:00:00.000Z,996.3139192413485
2025-04-15T21:00:00.000Z,1126.3569497689887
2025-04-15T22:00:00.000Z,1607.0152082177444
2025-04-15T23:00:00.000Z,1984.909395242289
2025-04-16T00:00:00.000Z,2741.790096550852
2025-04-16T01:00:00.000Z,2297.8053963943644
2025-04-16T02:00:00.000Z,2019.7306998174176
2025-04-16T03:00:00.000Z,3240.610738291388
2025-04-16T04:00:00.000Z,2573.2997694017713
2025-04-16T05:00:00.000Z,2058.2716145867325
2025-04-16T06:00:00.000Z,2358.6623308778544
2025-04-16T07:00:00.000Z,675.1439146596354
2025-04-16T08:00:00.000Z,532.0301143486491
2025-04-16T09:00:00.000Z,536.1570850011835
2025-04-16T10:00:00.000Z,703.2134130982424
2025-04-16T11:00:00.000Z,549.0607352577814
2025-04-16T12:00:00.000Z,1049.9162559542474
2025-04-16T13:00:00.000Z,524.6150324770764
2025-04-16T14:00:00.000Z,644.3929926478457
2025-04-16T15:00:00.000Z,487.4312866897916
2025-04-16T16:00:00.000Z,872.9790616617983
2025-04-16T17:00:00.000Z,984.8131326649606
2025-04-16T18:00:00.000Z,1500.140123110578
2025-04-16T19:00:00.000Z,2097.9230220464196
2025-04-16T20:00:00.000Z,2615.7813860203773
2025-04-16T21:00:00.000Z,1605.8533266103095
2025-04-16T22:00:00.000Z,2067.118159266797
2025-04-16T23:00:00.000Z,2355.0342516415344
2025-04-17T00:00:00.000Z,2617.2446702698817
2025-04-17T01:00:00.000Z,1640.398892605206
2025-04-17T02:00:00.000Z,1614.5532406717493
2025-04-17T03:00:00.000Z,1716.4311793595805
2025-04-17T04:00:00.000Z,1567.9686334663115
2025-04-17T05:00:00.000Z,1035.7777150138634
2025-04-17T06:00:00.000Z,1128.4163617658764
2025-04-17T07:00:00.000Z,415.77780706025766
2025-04-17T08:00:00.000Z,216.04498073264705
2025-04-17T09:00:00.000Z,467.1868985843613
2025-04-17T10:00:00.000Z,419.7636783227344
2025-04-17T11:00:00.000Z,523.2425672295439
2025-04-17T12:00:00.000Z,584.1727987002814
2025-04-17T13:00:00.000Z,821.1718465902447
2025-04-17T14:00:00.000Z,668.2073410798113
2025-04-17T15:00:00.000Z,683.659954393153
2025-04-17T16:00:00.000Z,565.8363398047185
2025-04-17T17:00:00.000Z,653.2359692089879
2025-04-17T18:00:00.000Z,936.5020967786784
2025-04-17T19:00:00.000Z,1776.074500657235
2025-04-17T20:00:00.000Z,1619.3972310160593
2025-04-17T21:00:00.000Z,1714.2555192291766
2025-04-17T22:00:00.000Z,1450.721701728875
2025-04-17T23:00:00.000Z,1640.8307118054086
2025-04-18T00:00:00.000Z,1238.814252436588
2025-04-18T01:00:00.000Z,2175.0978225694935
2025-04-18T02:00:00.000Z,1281.7363256661763
2025-04-18T03:00:00.000Z,1536.6733066630159
2025-04-18T04:00:00.000Z,1946.134532964853
2025-04-18T05:00:00.000Z,1598.5487433007115
2025-04-18T06:00:00.000Z,1032.4215803939805
2025-04-18T07:00:00.000Z,1699.8846435028497
2025-04-18T08:00:00.000Z,1739.6512470313996
2025-04-18T09:00:00.000Z,1361.922021451967
2025-04-18T10:00:00.000Z,1404.979158030926
2025-04-18T11:00:00.000Z,1358.8928405458157
2025-04-18T12:00:00.000Z,1104.9267885189374
2025-04-18T13:00:00.000Z,1099.399332506057
2025-04-18T14:00:00.000Z,1268.6897120603896
2025-04-18T15:00:00.000Z,890.8258216852133
2025-04-18T16:00:00.000Z,1320.6359213734497
2025-04-18T17:00:00.000Z,678.1253628976064
2025-04-18T18:00:00.000Z,949.9999356588148
2025-04-18T19:00:00.000Z,789.466755503444
2025-04-18T20:00:00.000Z,458.2114088440856
2025-04-18T21:00:00.000Z,773.0496602036138
2025-04-18T22:00:00.000Z,559.6201590619872
2025-04-18T23:00:00.000Z,792.4242189343595
2025-04-19T00:00:00.000Z,851.7848172953794
2025-04-19T01:00:00.000Z,635.28554983479
2025-04-19T02:00:00.000Z,833.7896541333114
2025-04-19T03:00:00.000Z,672.4746507936749
2025-04-19T04:00:00.000Z,1020.1021813535567
2025-04-19T05:00:00.000Z,718.779196736221
2025-04-19T06:00:00.000Z,365.37267555779573
2025-04-19T07:00:00.000Z,316.65978887314867
2025-04-19T08:00:00.000Z,242.52989808616834
2025-04-19T09:00:00.000Z,211.2919530058921
2025-04-19T10:00:00.000Z,249.60531990376714
2025-04-19T11:00:00.000Z,340.5622150089081
2025-04-19T12:00:00.000Z,395.6922587372359
2025-04-19T13:00:00.000Z,454.47257744766307
2025-04-19T14:00:00.000Z,388.45378489790045
2025-04-19T15:00:00.000Z,395.60460030307496
2025-04-19T16:00:00.000Z,518.6595067439915
2025-04-19T17:00:00.000Z,582.1104808289426
2025-04-19T18:00:00.000Z,587.450023420435
2025-04-19T19:00:00.000Z,950.9461491590522
2025-04-19T20:00:00.000Z,977.0348774700919
2025-04-19T21:00:00.000Z,1282.9812683787086
2025-04-19T22:00:00.000Z,1171.0765997657154
2025-04-19T23:00:00.000Z,1678.8100333837929
2025-04-20T00:00:00.000Z,1418.1995827826722
2025-04-20T01:00:00.000Z,1589.9658099372323
2025-04-20T02:00:00.000Z,2188.630314066645
2025-04-20T03:00:00.000Z,1525.0239901780712
2025-04-20T04:00:00.000Z,1855.26645254973
2025-04-20T05:00:00.000Z,1932.8104299097686
2025-04-20T06:00:00.000Z,1291.9042891201261
2025-04-20T07:00:00.000Z,825.9525636092246
2025-04-20T08:00:00.000Z,974.0400537312846
2025-04-20T09:00:00.000Z,1070.7109408510769
2025-04-20T10:00:00.000Z,961.6219865127681
2025-04-20T11:00:00.000Z,758.0269109767585
2025-04-20T12:00:00.000Z,982.9522867006423
2025-04-20T13:00:00.000Z,785.1938849152713
2025-04-20T14:00:00.000Z,743.5222435272585
2025-04-20T15:00:00.000Z,1227.5002515899416
2025-04-20T16:00:00.000Z,1218.3751464366765
2025-04-20T17:00:00.000Z,1518.3023074414562
2025-04-20T18:00:00.000Z,1260.038457069697
2025-04-20T19:00:00.000Z,1515.8242079125785
2025-04-20T20:00:00.000Z,1067.0522175251244
2025-04-20T21:00:00.000Z,1708.4455086166997
2025-04-20T22:00:00.000Z,2122.1654951976993
2025-04-20T23:00:00.000Z,1805.2822158918757
2025-04-21T00:00:00.000Z,2411.088834840815
2025-04-21T01:00:00.000Z,2140.569612395629
2025-04-21T02:00:00.000Z,2098.3705898484886
2025-04-21T03:00:00.000Z,1853.0969738425558
2025-04-21T04:00:00.000Z,2716.5078408664617
2025-04-21T05:00:00.000Z,2308.51953953353
2025-04-21T06:00:00.000Z,1102.4420331778329
2025-04-21T07:00:00.000Z,1646.4741844748821
2025-04-21T08:00:00.000Z,1815.5562889936132
2025-04-21T09:00:00.000Z,1920.328114508975
2025-04-21T10:00:00.000Z,1349.9669995071013
2025-04-21T11:00:00.000Z,1452.2719782986665
2025-04-21T12:00:00.000Z,1232.6227125022492
2025-04-21T13:00:00.000Z,1372.2243186213984
2025-04-21T14:00:00.000Z,1559.688703810379
2025-04-21T15:00:00.000Z,1032.4800349552831
2025-04-21T16:00:00.000Z,1602.0398256895944
2025-04-21T17:00:00.000Z,1591.4285676948243
2025-04-21T18:00:00.000Z,2139.3778225247274
2025-04-21T19:00:00.000Z,1698.745397500596
2025-04-21T20:00:00.000Z,2262.5046287941273
2025-04-21T21:00:00.000Z,1531.7769200077053
2025-04-21T22:00:00.000Z,2293.995026197264
2025-04-21T23:00:00.000Z,2472.35603332802
2025-04-22T00:00:00.000Z,1787.9272663402692
2025-04-22T01:00:00.000Z,1746.1899023617996
2025-04-22T02:00:00.000Z,1409.5612415750275
2025-04-22T03:00:00.000Z,1793.088734856983
2025-04-22T04:00:00.000Z,1698.9660769242653
2025-04-22T05:00:00.000Z,1020.8766961636431
2025-04-22T06:00:00.000Z,804.7094768343746
2025-04-22T07:00:00.000Z,701.8556613622334
2025-04-22T08:00:00.000Z,441.71485368577373
2025-04-22T09:00:00.000Z,504.42687335853975
2025-04-22T10:00:00.000Z,533.7920544506121
2025-04-22T11:00:00.000Z,483.00929608848986
2025-04-22T12:00:00.000Z,616.1834930481289
2025-04-22T13:00:00.000Z,557.6876652257981
2025-04-22T14:00:00.000Z,522.9198878789242
2025-04-22T15:00:00.000Z,457.5519475994805
2025-04-22T16:00:00.000Z,498.39990740083493
2025-04-22T17:00:00.000Z,615.3819177342106
2025-04-22T18:00:00.000Z,645.3734738997666
2025-04-22T19:00:00.000Z,600.0320293102588
2025-04-22T20:00:00.000Z,858.065398431252
2025-04-22T21:00:00.000Z,897.0810856765967
2025-04-22T22:00:00.000Z,1069.7885856763075
2025-04-22T23:00:00.000Z,728.4572675992357
2025-04-23T00:00:00.000Z,682.0650445978271
2025-04-23T01:00:00.000Z,777.5836219288177
2025-04-23T02:00:00.000Z,737.7836782542788
2025-04-23T03:00:00.000Z,796.0059016566606
2025-04-23T04:00:00.000Z,525.9630861844464
2025-04-23T05:00:00.000Z,415.1096983334184
2025-04-23T06:00:00.000Z,327.5188010437398
2025-04-23T07:00:00.000Z,624.5576599640061
2025-04-23T08:00:00.000Z,527.0270135959705
2025-04-23T09:00:00.000Z,926.5219994373861
2025-04-23T10:00:00.000Z,1211.4638075161934
2025-04-23T11:00:00.000Z,1902.218488431734
2025-04-23T12:00:00.000Z,1869.7579835852455
2025-04-23T13:00:00.000Z,1919.2888889026854
2025-04-23T14:00:00.000Z,2713.753056074381
2025-04-23T15:00:00.000Z,2741.7544716408092
2025-04-23T16:00:00.000Z,2748.4623478508543
2025-04-23T17:00:00.000Z,2529.078726392894
2025-04-23T18:00:00.000Z,1636.1410665715885
2025-04-23T19:00:00.000Z,2597.5505253901047
2025-04-23T20:00:00.000Z,1461.7360793714754
2025-04-23T21:00:00.000Z,2489.68868530117
2025-04-23T22:00:00.000Z,1465.1242970901515
2025-04-23T23:00:00.000Z,1355.9955356653968
2025-04-24T00:00:00.000Z,2252.614667587185
2025-04-24T01:00:00.000Z,1874.6328828305213
2025-04-24T02:00:00.000Z,1422.2152129303379
2025-04-24T03:00:00.000Z,1139.8805830079875
2025-04-24T04:00:00.000Z,766.4982407594824
2025-04-24T05:00:00.000Z,397.9606461775176
2025-04-24T06:00:00.000Z,186.8064524599287
2025-04-24T07:00:00.000Z,224.59348200632195
2025-04-24T08:00:00.000Z,207.41207059070445
2025-04-24T09:00:00.000Z,380.99049605272097
2025-04-24T10:00:00.000Z,232.44012776395473
2025-04-24T11:00:00.000Z,356.0405248998747
2025-04-24T12:00:00.000Z,409.7206868276652
2025-04-24T13:00:00.000Z,360.90921007726297
2025-04-24T14:00:00.000Z,320.77892600947087
2025-04-24T15:00:00.000Z,344.0910949156551
2025-04-24T16:00:00.000Z,262.4042928873528
2025-04-24T17:00:00.000Z,311.1888824178945
2025-04-24T18:00:00.000Z,344.32563311622096
2025-04-24T19:00:00.000Z,334.99922075462746
2025-04-24T20:00:00.000Z,412.71616440592436
2025-04-24T21:00:00.000Z,470.9012051623299
2025-04-24T22:00:00.000Z,300.38324407188003
2025-04-24T23:00:00.000Z,489.76629666655646
2025-04-25T00:00:00.000Z,436.13066198582567
2025-04-25T01:00:00.000Z,513.1991953665948
2025-04-25T02:00:00.000Z,513.9226439239109
2025-04-25T03:00:00.000Z,403.92466063014024
2025-04-25T04:00:00.000Z,479.0104409369416
2025-04-25T05:00:00.000Z,543.3806343762622
2025-04-25T06:00:00.000Z,614.2915855542172
2025-04-25T07:00:00.000Z,717.3842858863976
2025-04-25T08:00:00.000Z,750.4945142721393
2025-04-25T09:00:00.000Z,547.2077066646591
2025-04-25T10:00:00.000Z,643.6434419452165
2025-04-25T11:00:00.000Z,937.7526547560396
2025-04-25T12:00:00.000Z,1214.1068572728893
2025-04-25T13:00:00.000Z,1746.9523516870033
2025-04-25T14:00:00.000Z,1731.063568000488
2025-04-25T15:00:00.000Z,1179.3973225492114
2025-04-25T16:00:00.000Z,1720.3831541051723
2025-04-25T17:00:00.000Z,1138.2399889207998
2025-04-25T18:00:00.000Z,1280.3154599740944
2025-04-25T19:00:00.000Z,2092.707225362388
2025-04-25T20:00:00.000Z,1721.7018998792078
2025-04-25T21:00:00.000Z,2553.377198986498
2025-04-25T22:00:00.000Z,2395.242521847691
2025-04-25T23:00:00.000Z,2334.6199563871073
2025-04-26T00:00:00.000Z,1866.2607008781772
2025-04-26T01:00:00.000Z,1763.6937617029907
2025-04-26T02:00:00.000Z,1983.4550438332847
2025-04-26T03:00:00.000Z,2602.3190073494225
2025-04-26T04:00:00.000Z,1969.206049296601
2025-04-26T05:00:00.000Z,1492.87911815543
2025-04-26T06:00:00.000Z,1548.5267110389887
2025-04-26T07:00:00.000Z,2001.5551375241864
2025-04-26T08:00:00.000Z,1442.908406072782
2025-04-26T09:00:00.000Z,1867.0645557059129
2025-04-26T10:00:00.000Z,1666.079910191306
2025-04-26T11:00:00.000Z,1987.2932732568486
2025-04-26T12:00:00.000Z,1096.4081660250545
2025-04-26T13:00:00.000Z,1593.815625985104
2025-04-26T14:00:00.000Z,1482.6822563171725
2025-04-26T15:00:00.000Z,970.5034341361538
2025-04-26T16:00:00.000Z,941.3624846341376
2025-04-26T17:00:00.000Z,1064.3273755428636
2025-04-26T18:00:00.000Z,896.056642133311
2025-04-26T19:00:00.000Z,958.1806174059702
2025-04-26T20:00:00.000Z,466.02523016696875
2025-04-26T21:00:00.000Z,449.005541803725
2025-04-26T22:00:00.000Z,722.8684403521514
2025-04-26T23:00:00.000Z,417.69497018176094
2025-04-27T00:00:00.000Z,538.4115793011155
2025-04-27T01:00:00.000Z,463.7454704016424
2025-04-27T02:00:00.000Z,617.2947674303534
2025-04-27T03:00:00.000Z,800.9916072019192
2025-04-27T04:00:00.000Z,902.3079901276515
2025-04-27T05:00:00.000Z,561.4009044212592
2025-04-27T06:00:00.000Z,554.3270339447263
2025-04-27T07:00:00.000Z,900.4815048445718
2025-04-27T08:00:00.000Z,982.3976724180264
2025-04-27T09:00:00.000Z,1020.4322513119835
2025-04-27T10:00:00.000Z,1479.8936684940045
2025-04-27T11:00:00.000Z,1491.186369059911
2025-04-27T12:00:00.000Z,1340.785391003644
2025-04-27T13:00:00.000Z,1291.0962565722632
2025-04-27T14:00:00.000Z,996.8099301393789
2025-04-27T15:00:00.000Z,738.381286319341
2025-04-27T16:00:00.000Z,733.1587958371776
2025-04-27T17:00:00.000Z,717.938023254403
2025-04-27T18:00:00.000Z,1206.1410365921406
2025-04-27T19:00:00.000Z,965.1848013221809
2025-04-27T20:00:00.000Z,999.2863135950904
2025-04-27T21:00:00.000Z,1133.5271148344104
2025-04-27T22:00:00.000Z,900.258582601361
2025-04-27T23:00:00.000Z,1282.2484687261406
2025-04-28T00:00:00.000Z,1184.8376237596763
2025-04-28T01:00:00.000Z,1363.3429498099615
2025-04-28T02:00:00.000Z,1589.244247527113
2025-04-28T03:00:00.000Z,1345.0547147851803
2025-04-28T04:00:00.000Z,1631.752930895975
2025-04-28T05:00:00.000Z,586.6728355811397
2025-04-28T06:00:00.000Z,489.3631817306012
2025-04-28T07:00:00.000Z,462.4218777382141
2025-04-28T08:00:00.000Z,526.100877705136
2025-04-28T09:00:00.000Z,629.4195055147763
2025-04-28T10:00:00.000Z,659.7860285381215
2025-04-28T11:00:00.000Z,1034.056578347384
2025-04-28T12:00:00.000Z,1115.3499425035914
2025-04-28T13:00:00.000Z,1219.6867920926254
2025-04-28T14:00:00.000Z,1644.5469634110063
2025-04-28T15:00:00.000Z,1408.1790165322288
2025-04-28T16:00:00.000Z,953.9621743616889
2025-04-28T17:00:00.000Z,908.6564964962023
2025-04-28T18:00:00.000Z,697.9653437580952
2025-04-28T19:00:00.000Z,825.8220583253166
2025-04-28T20:00:00.000Z,1270.9452662771305
2025-04-28T21:00:00.000Z,1440.495778314697
2025-04-28T22:00:00.000Z,1317.202232306746
2025-04-28T23:00:00.000Z,1181.14309017235
2025-04-29T00:00:00.000Z,1545.5012924373618
2025-04-29T01:00:00.000Z,2188.609952318321
2025-04-29T02:00:00.000Z,2053.783995031836
2025-04-29T03:00:00.000Z,2154.1299818512075
2025-04-29T04:00:00.000Z,1977.4203831972125
2025-04-29T05:00:00.000Z,2177.9686811339134
2025-04-29T06:00:00.000Z,2000.170026446865
2025-04-29T07:00:00.000Z,1886.921995084953
2025-04-29T08:00:00.000Z,1399.0142448527783
2025-04-29T09:00:00.000Z,1233.8745184155187
2025-04-29T10:00:00.000Z,1795.4868733409648
2025-04-29T11:00:00.000Z,1340.8317831773263
2025-04-29T12:00:00.000Z,1348.3374053223706
2025-04-29T13:00:00.000Z,1597.6206940049171
2025-04-29T14:00:00.000Z,1025.768976407062
2025-04-29T15:00:00.000Z,941.5596353315943
2025-04-29T16:00:00.000Z,965.2093784115082
2025-04-29T17:00:00.000Z,740.6471001199778
2025-04-29T18:00:00.000Z,730.4513177153048
2025-04-29T19:00:00.000Z,997.0563472404017
2025-04-29T20:00:00.000Z,605.8560662154146
2025-04-29T21:00:00.000Z,907.6469719792921
2025-04-29T22:00:00.000Z,546.0115171375347
2025-04-29T23:00:00.000Z,414.9340590114856
2025-04-30T00:00:00.000Z,368.6950591517591
2025-04-30T01:00:00.000Z,721.7614257921794
2025-04-30T02:00:00.000Z,612.5908618817342
2025-04-30T03:00:00.000Z,305.0944403859559
2025-04-30T04:00:00.000Z,227.39675300695941
2025-04-30T05:00:00.000Z,318.1817583290171
2025-04-30T06:00:00.000Z,164.79368284759872
2025-04-30T07:00:00.000Z,247.7209852899897
2025-04-30T08:00:00.000Z,139.09305522980986
2025-04-30T09:00:00.000Z,196.85693725669242
2025-04-30T10:00:00.000Z,209.05102272000337
2025-04-30T11:00:00.000Z,182.96662549748672
2025-04-30T12:00:00.000Z,352.0775421741129
2025-04-30T13:00:00.000Z,346.09404842132346
2025-04-30T14:00:00.000Z,749.8304425296827
2025-04-30T15:00:00.000Z,782.214379318768
2025-04-30T16:00:00.000Z,582.2713683661325
2025-04-30T17:00:00.000Z,446.56794131141896
2025-04-30T18:00:00.000Z,485.7260653875976
2025-04-30T19:00:00.000Z,521.8561032652699
2025-04-30T20:00:00.000Z,314.0921272428633
2025-04-30T21:00:00.000Z,377.17027605990296
2025-04-30T22:00:00.000Z,600.242419885674
2025-04-30T23:00:00.000Z,653.0492983154181
